session,condition,resp_rate,subject
1,automatic,0,101
6,automatic,0,101
11,automatic,0.03314665,101
16,automatic,0.014135414,101
21,automatic,0.012990266,101
27,automatic,0.431479029,101
31,automatic,0.028539221,101
2,attention,0.035204337,101
7,attention,0.034068136,101
12,attention,0.032914042,101
17,attention,0.013902806,101
22,attention,0.021677283,101
28,attention,0.002666046,101
33,attention,0.001520899,101
4,control,0,101
9,control,0,101
14,control,0.023520255,101
19,control,0.022384054,101
24,control,0.012283496,101
30,control,0.00220083,101
35,control,0,101
5,demand,0.793452977,101
10,demand,1.417289937,101
15,demand,0.800064415,101
20,demand,1.209633553,101
26,demand,1.61027412,101
31,demand,1.394843258,101
36,demand,3.206189164,101
3,tangible,1.061775336,101
8,tangible,0.015951546,101
13,tangible,0.041601059,101
18,tangible,1.835107715,101
23,tangible,2.030382193,101
29,tangible,1.636379903,101
34,tangible,3.019163327,101
3,demand,0.807692308,102
7,demand,1.00295858,102
10,demand,0.204142012,102
14,demand,2.201183432,102
17,demand,2.192307692,102
4,control,0,102
11,control,0,102
19,control,0.00887574,102
1,tangible,1.411242604,102
6,tangible,0.825443787,102
9,tangible,1.855029586,102
13,tangible,2.24556213,102
16,tangible,1.99704142,102
2,attention,5.02E-04,103
5,attention,0.304746951,103
10,attention,0.004006717,103
3,control,0.199590174,103
6,control,0,103
4,control,0.398682009,103
8,demand,0.302007906,103
12,demand,0.402194025,103
14,demand,0.502114606,103
1,automatic,0.003735723,103
7,automatic,0.005252564,103
11,automatic,0.006005529,103
13,automatic,0.104181924,103
2,attention,0.028079902,104
6,attention,0.040439816,104
10,attention,0.043948565,104
14,attention,1.038698657,104
18,attention,0.042253661,104
4,control,0.029923482,104
8,control,0.033392583,104
12,control,0.036940979,104
20,control,0.043998123,104
3,demand,0.195716816,104
7,demand,1.611496934,104
11,demand,2.00975974,104
15,demand,0.802730348,104
19,demand,0.622089258,104
1,automatic,2.027214278,104
5,automatic,0.636054871,104
9,automatic,0.04311598,104
13,automatic,2.230820823,104
17,automatic,2.243160913,104
1,automatic,0.21221865,105
6,automatic,0.012861736,105
11,automatic,0.019292605,105
16,automatic,0.025723473,105
21,automatic,0.218649518,105
2,attention,0.019292605,105
7,attention,0.019292605,105
12,attention,0.006430868,105
17,attention,0.012861736,105
22,attention,0.032154341,105
3,control,0.012861736,105
8,control,0.218649518,105
13,control,0.012861736,105
18,control,0,105
23,control,0,105
4,demand,0.006430868,105
9,demand,0.205787781,105
14,demand,0.803858521,105
19,demand,1.028938907,105
24,demand,2,105
5,tangible,0.019292605,105
10,tangible,0.006430868,105
15,tangible,0.231511254,105
20,tangible,0.006430868,105
24,tangible,0.21221865,105
5,tangible,3.031649895,106
10,tangible,2.510126233,106
15,tangible,4.124335419,106
20,tangible,2.305434193,106
2,attention,0.71782842,106
7,attention,1.014659599,106
12,attention,1.3015208,106
17,attention,0.690196758,106
3,control,0.208321152,106
8,control,0.105970092,106
13,control,0.113399692,106
18,control,0.110849233,106
4,demand,0.597019289,106
9,demand,0.185296448,106
14,demand,0.691739131,106
19,demand,0.080394928,106
1,attention,1.334260336,107
4,attention,1.528277573,107
7,attention,1.539527468,107
10,attention,1.545305252,107
2,control,0.637294271,107
5,control,0.557124534,107
8,control,0.353253899,107
11,control,0.579552402,107
3,demand,0.236020042,107
6,demand,0.639685698,107
9,demand,0.650887645,107
12,demand,0.054553301,107
1,automatic,0.009142521,108
4,automatic,0.394586093,108
7,automatic,5.610477457,108
10,automatic,0.992417462,108
13,automatic,3.3923612,108
2,attention,0.798301921,108
5,attention,0.57729586,108
8,attention,1.006137636,108
11,attention,0,108
14,attention,0,108
3,control,1.002595709,108
6,control,0.207605555,108
9,control,0.192402117,108
12,control,1.000332455,108
15,control,0.551914175,108
1,control,0.029170095,109
8,control,0.031693791,109
11,control,0.032778538,109
17,control,0.034955411,109
2,demand,0.09474193,109
7,demand,0.024093185,109
13,demand,0.02624792,109
20,demand,0.028801133,109
3,tangible,0.029871122,109
10,tangible,1.133862916,109
12,tangible,0.040386524,109
16,tangible,0.027347425,109
4,attention,0.037501245,109
9,attention,0.024816349,109
14,attention,0.026624261,109
19,attention,0.028432172,109
5,automatic,0.023362641,109
6,automatic,0.030970627,109
15,automatic,0.026993222,109
18,automatic,0.035324372,109
1,attention,1.585781397,110
5,attention,1.601280261,110
9,attention,0.987497736,110
13,attention,0.589186103,110
17,attention,0.587461969,110
4,tangible,3.015510328,110
8,tangible,1.212057016,110
12,tangible,0.822384395,110
16,tangible,0.208601869,110
20,tangible,1.594787246,110
3,demand,0.809040698,110
7,demand,1.807305101,110
11,demand,0.202127196,110
15,demand,0.217644402,110
19,demand,0.603850413,110
2,control,0.19741334,110
6,control,0,110
10,control,0.607748056,110
14,control,0.019790857,110
18,control,0.009446053,110
1,attention,1.195020747,111
5,attention,1.195020747,111
9,attention,1.012448133,111
13,attention,0.605809129,111
17,attention,0.597510373,111
4,tangible,3.020746888,111
8,tangible,1.219917012,111
12,tangible,0.614107884,111
16,tangible,0.20746888,111
20,tangible,1.651452282,111
3,demand,0.829875519,111
7,demand,1.626556017,111
11,demand,0.22406639,111
15,demand,0.232365145,111
19,demand,0.630705394,111
2,control,0.008298755,111
6,control,0.01659751,111
10,control,0.622406639,111
14,control,0.008298755,111
18,control,0.041493776,111
1,attention,0.391928378,112
5,attention,0.41916595,112
9,attention,0.012361944,112
13,attention,0.005566017,112
17,attention,0.007298664,112
4,tangible,0.018726953,112
8,tangible,0.020441645,112
12,tangible,0.226420176,112
16,tangible,0.032390627,112
20,tangible,0.051126557,112
3,demand,0.018305013,112
7,demand,0.224283544,112
11,demand,0.030253994,112
15,demand,0.040452374,112
19,demand,0.033683379,112
2,control,0.222137934,112
6,control,0.011087146,112
10,control,0.038333696,112
14,control,0.031519814,112
18,control,0.024741842,112
1,automatic,82.93736501,113
2,automatic,96.11231102,113
4,automatic,60.25917927,113
5,automatic,55.07559395,113
7,automatic,53.5637149,113
8,automatic,62.41900648,113
10,automatic,100,113
11,automatic,100,113
13,automatic,100,113
14,automatic,83.36933045,113
3,attention,0.863930886,113
9,attention,17.92656587,113
6,demand,15.55075594,113
12,demand,13.60691145,113
1,automatic,100,114
2,automatic,100,114
4,automatic,100,114
5,automatic,96.49890591,114
7,automatic,100,114
8,automatic,100,114
10,automatic,100,114
11,automatic,99.78118162,114
13,automatic,100,114
14,automatic,100,114
3,attention,86.87089716,114
9,attention,86.65207877,114
6,demand,74.83588621,114
12,demand,80.08752735,114
1,automatic,5.708060615,115
2,automatic,3.822642191,115
4,automatic,9.227567547,115
5,automatic,37.4049372,115
7,automatic,40.59496215,115
8,automatic,45.98775026,115
10,automatic,62.15220113,115
11,automatic,40.01237408,115
13,automatic,35.60743984,115
14,automatic,48.91105171,115
15,automatic,40.06329133,115
19,automatic,40.42977712,115
3,attention,70.60742504,115
9,attention,67.51923458,115
16,attention,13.80982407,115
20,attention,28.73390704,115
6,demand,41.53160274,115
12,demand,43.50612635,115
18,demand,25.22742545,115
22,demand,35.40465893,115
17,control,23.63300504,115
21,control,8.49281978,115
1,automatic,24.94382022,116
2,automatic,37.30337079,116
4,automatic,40.4494382,116
5,automatic,42.02247191,116
7,automatic,40.6741573,116
8,automatic,28.53932584,116
10,automatic,28.53932584,116
11,automatic,13.70786517,116
13,automatic,8.539325843,116
14,automatic,0.224719101,116
3,attention,60.2247191,116
9,attention,84.04494382,116
6,demand,6.741573034,116
12,demand,11.46067416,116
1,automatic,63.46349586,117
2,automatic,65.18539873,117
4,automatic,73.13929567,117
5,automatic,40.1799565,117
7,automatic,71.92847239,117
8,automatic,86.86941191,117
10,automatic,88.13554004,117
11,automatic,86.90275171,117
13,automatic,76.81608783,117
14,automatic,46.65631172,117
3,attention,53.68787274,117
9,attention,21.71735298,117
6,demand,16.86268511,117
12,demand,26.88306161,117
1,automatic,18.40320711,118
2,automatic,18.25965997,118
4,automatic,62.94976816,118
5,automatic,28.18450541,118
7,automatic,4.713485317,118
8,automatic,30.07225657,118
10,automatic,21.7486476,118
11,automatic,6.767194745,118
13,automatic,0.143353941,118
14,automatic,10.50985317,118
3,attention,0.032650696,118
9,attention,8.754829985,118
6,demand,11.65784389,118
12,demand,3.6874034,118
1,automatic,65.18803501,119
2,automatic,40.08367798,119
4,automatic,72.00076945,119
5,automatic,36.72655574,119
7,automatic,43.99115129,119
8,automatic,27.20650188,119
10,automatic,46.9514283,119
11,automatic,75.31403289,119
13,automatic,37.12243917,119
14,automatic,28.65922862,119
3,attention,6.966432625,119
9,attention,35.69221891,119
6,demand,12.08444744,119
12,demand,3.522169857,119
1,automatic,100,120
2,automatic,100,120
4,automatic,98.73015873,120
5,automatic,96.66666667,120
7,automatic,97.14285714,120
8,automatic,66.34920635,120
10,automatic,78.41269841,120
11,automatic,98.73015873,120
13,automatic,80,120
14,automatic,68.73015873,120
3,attention,76.82539683,120
9,attention,1.904761905,120
6,demand,59.68253968,120
12,demand,17.3015873,120
15,demand,7.936507937,120
1,automatic,83.36106489,121
2,automatic,95.34109817,121
4,automatic,60.06655574,121
5,automatic,55.24126456,121
7,automatic,53.078203,121
8,automatic,62.06322795,121
10,automatic,100,121
11,automatic,100,121
13,automatic,100,121
14,automatic,83.36106489,121
3,attention,0.499168053,121
9,attention,17.63727121,121
6,demand,15.14143095,121
12,demand,13.31114809,121
1,automatic,99.96691735,122
2,automatic,99.77984282,122
4,automatic,100.4913168,122
5,automatic,96.56117632,122
7,automatic,100.0781775,122
8,automatic,100.044504,122
10,automatic,99.51104626,122
11,automatic,99.633137,122
13,automatic,99.41002601,122
14,automatic,99.37576184,122
3,attention,86.50503427,122
9,attention,86.30476607,122
6,demand,74.09864538,122
12,demand,79.19435862,122
1,automatic,98.43439612,123
2,automatic,97.1849507,123
4,automatic,97.36221527,123
5,automatic,95.32477187,123
7,automatic,95.50163675,123
8,automatic,97.55846533,123
10,automatic,100,123
11,automatic,98.37564101,123
13,automatic,100,123
14,automatic,100,123
3,attention,92.31267312,123
9,attention,97.41137771,123
6,demand,92.027491,123
12,demand,85.15713995,123
1,automatic,100,124
2,automatic,100,124
4,automatic,96.88322533,124
5,automatic,100,124
7,automatic,100,124
8,automatic,100,124
10,automatic,100,124
11,automatic,100,124
13,automatic,96.83860642,124
14,automatic,91.40123869,124
3,attention,98.81698466,124
9,attention,100,124
6,demand,98.43096962,124
12,demand,91.76555829,124
1,automatic,95.1907131,163
2,automatic,95.1907131,163
4,automatic,98.67330017,163
5,automatic,95.1907131,163
7,automatic,1.658374793,163
8,automatic,94.85903814,163
10,automatic,81.26036484,163
11,automatic,61.35986733,163
13,automatic,98.50746269,163
14,automatic,98.34162521,163
3,attention,20.39800995,163
9,attention,12.43781095,163
6,demand,90.04975124,163
12,demand,66.33499171,163
1,automatic,67.10743802,125
2,automatic,68.92561983,125
4,automatic,45.61983471,125
5,automatic,28.42975207,125
7,automatic,60.33057851,125
8,automatic,24.95867769,125
10,automatic,36.85950413,125
11,automatic,22.14876033,125
13,automatic,8.26446281,125
14,automatic,28.59504132,125
16,automatic,6.776859504,125
18,automatic,63.47107438,125
20,automatic,68.26446281,125
22,automatic,48.92561983,125
3,attention,26.94214876,125
9,attention,73.55371901,125
6,demand,38.18181818,125
12,demand,3.140495868,125
15,demand,23.47107438,125
17,demand,29.75206612,125
19,demand,26.44628099,125
21,demand,63.14049587,125
1,automatic,31.4516129,126
2,automatic,16.29032258,126
4,automatic,18.06451613,126
5,automatic,20,126
7,automatic,23.38709677,126
8,automatic,33.70967742,126
9,automatic,20.32258065,126
10,automatic,16.29032258,126
12,automatic,22.25806452,126
13,automatic,27.09677419,126
15,automatic,47.41935484,126
16,automatic,31.93548387,126
17,automatic,70.32258065,126
18,automatic,67.09677419,126
3,attention,23.38709677,126
11,attention,15.32258065,126
6,demand,6.612903226,126
14,demand,65.32258065,126
19,demand,0,126
1,automatic,7.009811682,127
2,automatic,0.198544294,127
4,automatic,0.23405976,127
5,automatic,0.741117924,127
7,automatic,0.125801772,127
8,automatic,5.510459947,127
10,automatic,27.0097261,127
11,automatic,61.9856141,127
13,automatic,23.32339186,127
14,automatic,58.78879423,127
15,automatic,98.48139289,127
17,automatic,93.47670742,127
3,attention,0.216515976,127
9,attention,0.32520186,127
6,demand,23.36019101,127
12,demand,35.17528808,127
16,demand,25.65457572,127
18,demand,10.24343071,127
1,automatic,27.19723693,128
2,automatic,5.090379495,128
4,automatic,7.088793175,128
5,automatic,18.83046742,128
7,automatic,23.45697447,128
8,automatic,28.86112722,128
10,automatic,15.09544098,128
11,automatic,18.64449181,128
13,automatic,58.6651256,128
14,automatic,4.873957402,128
15,automatic,10.27830407,128
19,automatic,5.311455826,128
23,automatic,84.88923882,128
27,automatic,73.27613791,128
3,attention,69.99916612,128
9,attention,48.63970182,128
16,attention,17.22805187,128
20,attention,10.56163085,128
24,attention,56.90950803,128
28,attention,21.80297445,128
6,demand,52.9828821,128
12,demand,74.74493803,128
18,demand,73.16850865,128
22,demand,57.69122618,128
26,demand,79.77287316,128
30,demand,78.36128139,128
16,control,36.85206697,128
21,control,51.82378277,128
25,control,90.44271505,128
29,control,43.12695017,128
1,automatic,0,129
2,automatic,0.65462622,129
4,automatic,0.379527344,129
5,automatic,84.09043973,129
7,automatic,65.49204123,129
8,automatic,47.65289224,129
10,automatic,70.82412765,129
11,automatic,7.020866211,129
13,automatic,5.193368013,129
14,automatic,17.01248855,129
15,automatic,53.51900559,129
16,automatic,75.11913808,129
17,automatic,81.34821829,129
3,attention,0,129
9,attention,3.726109065,129
6,demand,51.81113254,129
12,demand,3.467375845,129
2,tangible,25.34518975,130
7,tangible,22.51287335,130
18,tangible,37.68685858,130
23,tangible,23.38844099,130
30,tangible,8.19969192,130
34,tangible,15.45593854,130
39,tangible,2.024626403,130
1,Attention,20.49166783,130
12,Attention,42.61546002,130
15,Attention,32.68065697,130
20,Attention,20.46664133,130
27,Attention,3.3661552,130
35,Attention,3.283513714,130
42,Attention,3.383799788,130
5,Automatic,8.113629544,130
9,Automatic,15.19451057,130
14,Automatic,47.45925941,130
22,Automatic,30.34905075,130
25,Automatic,3.213475504,130
36,Automatic,0.319042951,130
38,Automatic,0.297977474,130
4,Control,7.08142117,130
8,Control,67.32886551,130
16,Control,10.43047192,130
24,Control,25.46312041,130
29,Control,7.168023686,130
31,Control,7.146958209,130
40,Control,0.450657171,130
3,Demand,25.33546722,130
10,Demand,25.43467301,130
17,Demand,58.54762238,130
19,Demand,50.53427891,130
26,Demand,5.28761478,130
33,Demand,38.57430932,130
37,Demand,0.308240142,130
1,Automatic,0.862692246,131
8,Automatic,5.66135416,131
10,Automatic,0.858821554,131
15,Automatic,0.856679983,131
21,Automatic,0.862910369,131
23,Automatic,2.747520669,131
27,Automatic,1.111721268,131
31,Automatic,1.528994493,131
35,Automatic,1.963027494,131
39,Automatic,1.701537701,131
3,Attention,0.853455729,131
6,Attention,0.852162855,131
12,Attention,0.849577106,131
13,Attention,0.865924432,131
19,Attention,0.863338683,131
24,Attention,1.096262298,131
28,Attention,1.027494071,131
32,Attention,5.902875786,131
36,Attention,1.124626217,131
40,Attention,1.256975308,131
2,Demand,0.870635888,131
7,Demand,1.538877447,131
9,Demand,0.8592578,131
16,Demand,0.856251669,131
18,Demand,1.022984874,131
25,Demand,1.112577896,131
29,Demand,0.859467991,131
33,Demand,1.100763563,131
37,Demand,1.182849188,131
41,Demand,0.845940401,131
4,Control,5.847432891,131
5,Control,0.869350945,131
11,Control,0.85000542,131
14,Control,1.016318243,131
17,Control,1.88654168,131
26,Control,3.609356286,131
30,Control,1.009877666,131
34,Control,15,131
38,Control,0.931016294,131
42,Control,1.356661476,131
1,Demand,38.6036961,132
2,Demand,54.20944559,132
3,Demand,39.01437372,132
7,Demand,54.20944559,132
8,Demand,69.19917864,132
9,Demand,38.6036961,132
4,Attention,54.20944559,132
5,Attention,54.41478439,132
6,Attention,69.19917864,132
10,Attention,22.99794661,132
11,Attention,69.60985626,132
12,Attention,54.00410678,132
1,Control,38.8305604,132
2,Control,38.86662611,132
3,Control,8.195840422,132
7,Control,53.97633507,132
8,Control,53.80347469,132
9,Control,38.69285498,132
4,Tangible,8.022980047,132
5,Tangible,8.264693132,132
6,Tangible,8.298208737,132
10,Tangible,8.229173877,132
11,Tangible,8.472344162,132
12,Tangible,8.091650607,132
1,Automatic,24.49401569,132
2,Automatic,9.708903055,132
3,Automatic,24.90528492,132
4,Automatic,9.740501755,132
5,Automatic,9.946460459,132
6,Automatic,39.9433492,132
7,Automatic,24.39905755,132
8,Automatic,39.97478586,132
9,Automatic,24.43065625,132
10,Automatic,54.61746128,132
11,Automatic,9.851340271,132
12,Automatic,9.867220643,132
1,Tangible,4.716157205,133
3,Tangible,5.735080058,133
5,Tangible,6.273653566,133
7,Tangible,6.462882096,133
2,Control,0.902474527,133
4,Control,0.917030568,133
6,Control,0.902474527,133
8,Control,0.902474527,133
1,Attention,7.020207388,134
3,Attention,5.642839708,134
5,Attention,5.990545049,134
7,Attention,6.095663639,134
9,Attention,4.35443919,134
2,Control,3.54177591,134
4,Control,3.269537331,134
6,Control,3.266839587,134
8,Control,2.455531018,134
10,Control,1.549871478,134
1,Attention,23.22834646,135
6,Attention,45.07874016,135
11,Attention,22.14566929,135
16,Attention,23.91732283,135
21,Attention,22.04724409,135
2,Tangible,18.11023622,135
7,Tangible,37.99212598,135
12,Tangible,13.18897638,135
18,Tangible,15.05905512,135
23,Tangible,3.937007874,135
5,Automatic,14.96062992,135
10,Automatic,18.11023622,135
15,Automatic,35.13779528,135
20,Automatic,23.12992126,135
3,Control,8.169291339,135
8,Control,17.02755906,135
13,Control,7.18503937,135
17,Control,6.988188976,135
22,Control,8.070866142,135
4,Demand,27.95275591,135
9,Demand,31.98818898,135
14,Demand,30.90551181,135
19,Demand,16.83070866,135
24,Demand,10.82677165,135
5,Tangible,2.720527654,136
10,Tangible,2.55602277,136
15,Tangible,2.543383948,136
3,Attention,0,136
8,Attention,0.025304337,136
13,Attention,0.034335245,136
4,Control,0.093974827,136
9,Control,0,136
14,Control,0.014445004,136
1,Automatic,0.001779489,136
6,Automatic,0.010832641,136
11,Automatic,0.019863549,136
2,Demand,0.014449453,136
7,Demand,0.023524848,136
12,Demand,0.021687525,136
1,Demand,39.7721539,137
10,Demand,8.50361454,137
15,Demand,43.05295668,137
20,Demand,12.54624235,137
24,Demand,30.18576132,137
30,Demand,32.94604776,137
33,Demand,91.29704841,137
38,Demand,63.39257634,137
45,Demand,71.72434469,137
51,Demand,21.88193635,137
2,Attention,10.21336531,137
9,Attention,43.54535993,137
13,Attention,35.2552804,137
17,Attention,60.1439028,137
22,Attention,52.49997172,137
27,Attention,27.29101852,137
34,Attention,24.74924485,137
37,Attention,35.70180897,137
44,Attention,74.5172129,137
47,Attention,7.77403188,137
4,Automatic,39.38637675,137
11,Automatic,32.8484156,137
14,Automatic,76.88640503,137
19,Automatic,56.04538821,137
26,Automatic,68.83859582,137
29,Automatic,27.37456586,137
36,Automatic,35.89243492,137
39,Automatic,33.09028996,137
43,Automatic,49.6147885,137
48,Automatic,44.200672,137
5,Control,47.56010091,137
7,Control,56.47279762,137
16,Control,60.14820178,137
21,Control,32.98790628,137
23,Control,58.25732807,137
28,Control,47.08178249,137
35,Control,55.22790266,137
40,Control,80.29742174,137
42,Control,44.22895478,137
49,Control,13.52641046,137
6,Tangible,12.42553143,137
8,Tangible,8.327016845,137
12,Tangible,22.6205695,137
18,Tangible,20.36201962,137
25,Tangible,33.15545349,137
31,Tangible,0,137
32,Tangible,33.30874617,137
41,Tangible,10.59020511,137
46,Tangible,13.54111751,137
50,Tangible,0,137
1,special,0.495304806,138
5,special,0.351499566,138
9,special,0.223332903,138
16,special,0.226155108,138
18,special,0.111846998,138
2,Demand,0.490599826,138
7,Demand,1.984955416,138
12,Demand,0.207003452,138
14,Demand,0.101625801,138
20,Demand,0.664946335,138
3,Attention,0.347510901,138
8,Attention,0.667760711,138
10,Attention,0.220862006,138
15,Attention,0.500941387,138
19,Attention,0.636161605,138
4,Control,0.347272129,138
6,Control,0.346802414,138
11,Control,0.218398937,138
13,Control,0.351858702,138
17,Control,0.665648951,138
2,Attention,2.509398496,139
6,Attention,2.265037594,139
10,Attention,2.763157895,139
3,Control,0.845864662,139
7,Control,1.597744361,139
11,Control,2.434210526,139
4,Demand,0.808270677,139
8,Demand,2.152255639,139
1,Automatic,3.270676692,139
5,Automatic,1.184210526,139
9,Automatic,2.138157895,139
12,Automatic,1.254699248,139
13,Automatic,3.693609023,139
14,Automatic,3.430451128,139
15,Automatic,2.509398496,139
16,Automatic,3.590225564,139
17,Automatic,4.078947368,139
1,Control,0,140
7,Control,0.093360834,140
12,Control,-0.09686771,140
16,Control,2.336358772,140
17,Control,0.680723611,140
23,Control,0.217738039,140
2,Tangible,1.596797573,140
6,Tangible,4.029946124,140
11,Tangible,6.328352703,140
13,Tangible,2.533367276,140
20,Tangible,4.562211982,140
22,Tangible,4.845645499,140
3,Attention,3.673959237,140
8,Attention,6.38703443,140
10,Attention,11.16359447,140
14,Attention,16.43080544,140
19,Attention,19.07483414,140
21,Attention,28.20634978,140
4,Demand,1.603577533,140
5,Demand,1.054089018,140
9,Demand,0.514965269,140
15,Demand,1.365265821,140
18,Demand,3.656736579,140
24,Demand,3.401046348,140
1,Control,18.4375,141
4,Control,77.1484375,141
7,Control,42.16796875,141
2,demand,23.0078125,141
11,demand,15.09765625,141
3,Attention,43.22265625,141
5,Attention,65.01953125,141
9,Attention,60.2734375,141
6,Tangible,45.859375,141
8,Tangible,15.09765625,141
10,Tangible,33.02734375,141
12,Automatic,45.15625,141
13,Automatic,55,141
2,special,43.04493221,142
9,special,17.9653726,142
14,special,40.94604641,142
19,special,41.81865318,142
25,special,49.76203077,142
1,control,21.94891196,142
10,control,74.86400039,142
16,control,27.86496821,142
22,control,0.005738272,142
27,control,12.09588858,142
6,tangible,0.383480539,142
11,tangible,8.019020323,142
15,tangible,49.83387189,142
21,tangible,59.59061526,142
28,tangible,50.02265081,142
3,Automatic,7.877920307,142
8,Automatic,5.120844428,142
18,Automatic,2.244986313,142
24,Automatic,0,142
29,Automatic,18.15608818,142
4,Demand,8.844224864,142
7,Demand,7.288528015,142
13,Demand,7.642569168,142
20,Demand,17.37865475,142
26,Demand,10.14188391,142
5,Attention,2.386178551,142
12,Attention,20.20508175,142
17,Attention,11.17855403,142
23,Attention,7.736451401,142
30,Attention,0.146838289,142
1,Automatic,10.00298253,143
6,Automatic,5.124214196,143
12,Automatic,0.160455379,143
14,Automatic,0.081846115,143
3,Demand,23.01522014,143
8,Demand,9.954429748,143
10,Demand,27.96667892,143
15,Demand,10.08788053,143
4,Attention,10.11220316,143
9,Attention,3.142428425,143
11,Attention,3.245360319,143
16,Attention,3.275786728,143
2,control,0.099972487,143
5,control,8.118209836,143
7,control,5.221227276,143
13,control,3.257475394,143
3,automatic,43.9159153,144
5,automatic,51.55273292,144
11,automatic,76.92298902,144
15,automatic,8.195630064,144
18,automatic,99.49546893,144
21,automatic,1.873278709,144
23,automatic,53.20202955,144
1,Attention,14.12601278,144
7,Attention,8.419612145,144
9,Attention,30.21015462,144
13,Attention,86.09768361,144
17,Attention,26.90984721,144
22,Attention,30.1538734,144
4,Control,0.349829157,144
8,Control,2.238392357,144
10,Control,3.104894466,144
14,Control,6.685750854,144
20,Control,11.74906008,144
2,Demand,7.944221605,144
6,Demand,13.06238358,144
12,Demand,0,144
16,Demand,25.39825385,144
19,Demand,10.85284606,144
3,automatic,21.74511113,145
5,automatic,48.59561483,145
11,automatic,77.07011066,145
15,automatic,6.809022387,145
18,automatic,100.4394821,145
21,automatic,21.86510394,145
23,automatic,65.00942513,145
1,Attention,13.42498371,145
7,Attention,10.2703123,145
9,Attention,26.57753681,145
13,Attention,86.66792693,145
17,Attention,37.1739078,145
22,Attention,30.81737228,145
4,control,1.943481374,145
8,control,1.650538024,145
10,control,1.663945042,145
14,control,6.482963702,145
20,control,6.522916616,145
2,Demand,0.971740687,145
6,Demand,17.29250628,145
12,Demand,0,145
16,Demand,22.47083303,145
19,Demand,29.20008366,145
1,Control,7.945780769,146
2,Control,4.132745011,146
5,Control,3.400373077,146
7,Control,1.722423207,146
8,Control,3.544333681,146
10,Control,1.365372978,146
13,Control,1.196507305,146
15,Control,2.39846779,146
16,Control,2.404868625,146
3,Demand,14.28225855,146
4,Demand,31.38156626,146
6,Demand,37.46736405,146
9,Demand,29.84746061,146
11,Attention,6.944108239,146
12,Attention,4.696367651,146
14,Attention,10.15604738,146
17,Attention,6.856358606,146
1,Control,9.928390396,147
2,Control,8.919550751,147
3,Control,9.712832963,147
4,Control,8.279964645,147
9,Control,6.680999382,147
10,Control,6.308202745,147
11,Control,8.108553055,147
12,Control,5.509605888,147
17,Control,9.423070512,147
18,Control,6.612051863,147
19,Control,10.00256684,147
20,Control,7.827591199,147
25,Control,3.896525384,147
26,Control,3.682682353,147
27,Control,2.143864014,147
28,Control,6.276314875,147
33,Control,7.221521646,147
34,Control,8.438832531,147
35,Control,4.037763506,147
36,Control,5.864644181,147
5,Attention,3.295913343,147
6,Attention,3.506041837,147
7,Attention,3.769345356,147
8,Attention,4.271165003,147
13,Demand,20.87887371,147
14,Demand,25.59442115,147
15,Demand,11.65270699,147
16,Demand,29.88416836,147
21,Demand,27.06617781,147
22,Demand,33.21282201,147
23,Demand,31.46193219,147
24,Demand,29.97606029,147
29,Tangible,3.253396182,147
30,Tangible,3.834664058,147
31,Tangible,2.984835165,147
32,Tangible,6.16327866,147
1,Control,22.42843721,148
2,Control,21.36298152,148
3,Control,1.705167554,148
4,Control,8.309552145,148
5,Control,5.059505168,148
6,Control,2.246351394,148
10,Control,2.256060132,148
12,Control,1.338553085,148
14,Control,2.265768869,148
16,Control,0.765737551,148
18,Control,4.508487316,148
20,Control,0.290009396,148
22,Control,0.270560601,148
24,Control,0.056999687,148
26,Control,2.052113999,148
7,demand,19.19054181,148
8,demand,22.44547448,148
9,demand,26.62254933,148
11,demand,24.92834325,148
13,Tangible,2.506044472,148
15,Tangible,2.656498591,148
17,Tangible,2.661321641,148
19,Tangible,2.56911995,148
21,Attention,13.88462261,148
23,Attention,17.62730974,148
25,Attention,16.70992797,148
1,Control,15.59160305,149
2,Control,12.61450382,149
3,Control,9.29389313,149
4,Control,4.541984733,149
5,Control,8.20610687,149
6,Control,1.622137405,149
7,Control,0.648854962,149
8,Control,0.877862595,149
9,Control,8.950381679,149
12,Control,0.591603053,149
15,Control,1.106870229,149
16,Control,0.820610687,149
17,Control,1.049618321,149
18,Control,0.36259542,149
21,Control,0.505725191,149
24,Control,1.564885496,149
27,Control,1.106870229,149
28,Control,0.591603053,149
30,Control,2.423664122,149
32,Control,2.080152672,149
35,Control,0.305343511,149
36,Control,0.019083969,149
37,Control,1.049618321,149
39,Control,2.538167939,149
43,Control,0.36259542,149
44,Control,2.080152672,149
46,Control,2.910305344,149
48,Control,1.650763359,149
50,Control,0.36259542,149
51,Control,1.507633588,149
10,Demand,10.78244275,149
11,Demand,11.69847328,149
13,Demand,14.84732824,149
14,Demand,11.18320611,149
19,Tangible,4.885496183,149
20,Tangible,10.83969466,149
22,Tangible,10.03816794,149
23,Tangible,6.030534351,149
25,Tangible,2.366412214,149
26,Tangible,3.167938931,149
29,Tangible,4.885496183,149
31,Tangible,3.56870229,149
33,Tangible,3.167938931,149
34,Tangible,8.435114504,149
38,Attention,21.88931298,149
40,Attention,12.29961832,149
41,Attention,15.82061069,149
42,Attention,5.629770992,149
45,Attention,10.46755725,149
47,Attention,32.19465649,149
49,Attention,8.034351145,149
52,Attention,5.916030534,149
1,Control,3.465198353,150
2,Control,5.11548962,150
3,Control,1.069989047,150
4,Control,1.217493932,150
5,Control,1.494869246,150
7,Control,1.548691078,150
10,Control,2.97446448,150
13,Control,5.402118431,150
17,Control,3.339047693,150
18,Control,2.81864752,150
19,Control,1.14794345,150
8,Attention,6.186002191,150
9,Attention,6.240696561,150
11,Attention,10.58024252,150
14,Attention,7.293597636,150
16,Attention,6.883573549,150
20,Attention,5.581172462,150
6,demand,5.761144954,150
12,demand,6.089517831,150
15,demand,7.348337929,150
21,demand,6.66558824,150
22,demand,7.638686508,150
1,Control,4.300826167,151
2,Control,4.224857062,151
3,Control,5.952176213,151
4,Control,3.559286177,151
5,Control,3.461479715,151
6,Control,1.341792583,151
7,Control,-0.012834776,151
8,Control,1.419409919,151
9,Control,0.381687534,151
11,Control,1.087711899,151
13,Control,0.525965914,151
15,Control,1.308465481,151
17,Control,1.369682573,151
19,Control,1.523754594,151
21,Control,1.524848855,151
23,Control,3.176226257,151
10,Attention,3.36583442,151
12,Attention,2.962558019,151
14,Attention,2.209555639,151
16,Attention,2.757096742,151
20,demand,4.125402369,151
22,demand,4.978953704,151
24,demand,6.204088891,151
1,Control,13.00618238,152
2,Control,7.024729521,152
3,Control,4.590417311,152
4,Control,4.590417311,152
8,Control,10.60664606,152
9,Control,3.581916538,152
11,Control,7.372488408,152
12,Control,4.729520866,152
15,Control,4.555641422,152
17,Control,5.842349304,152
18,Control,5.564142195,152
21,Control,3.547140649,152
5,demand,30.67233385,152
6,demand,37.07109737,152
7,demand,39.1576507,152
10,demand,27.89026275,152
13,Attention,5.216383308,152
14,Attention,2.851622875,152
16,Attention,7.720247295,152
19,Attention,7.511591963,152
20,Attention,10.85007728,152
1,Control,3.717005294,153
2,Control,3.001735281,153
3,Control,3.852301568,153
4,Control,1.428753706,153
5,Control,1.211704334,153
6,Control,1.706305938,153
10,Control,2.688735054,153
12,Control,3.74911264,153
14,Control,2.318572615,153
15,Control,2.457302333,153
18,Control,2.446630817,153
19,Control,3.01259239,153
21,Control,2.649668023,153
24,Control,1.00198583,153
7,demand,4.692103542,153
8,demand,6.823808618,153
9,demand,40.98398345,153
11,Tangible,6.74205552,153
13,Tangible,10.0089316,153
16,Tangible,9.286516307,153
17,Tangible,7.147851545,153
20,Attention,12.47525832,153
22,Attention,5.991337512,153
23,Attention,6.343683158,153
1,Control,16.68942542,154
2,Control,23.69804157,154
3,Control,13.08034811,154
4,Control,12.68935607,154
5,Control,10.09953943,154
6,Control,8.487029535,154
8,Control,5.715643727,154
10,Control,3.991487862,154
12,Control,5.094309638,154
14,Control,3.300346149,154
16,Control,3.600495819,154
18,Control,3.865626102,154
7,demand,7.328269199,154
9,demand,7.384092183,154
11,demand,17.21286702,154
13,Attention,8.717371581,154
15,Attention,8.773194566,154
17,Attention,8.480095003,154
1,Control,5.085964241,155
2,Control,12.52708971,155
3,Control,7.016325887,155
4,Control,5.111297514,155
5,Control,4.706302918,155
6,Control,3.7532314,155
9,Control,5.163213835,155
11,Control,4.497421636,155
12,Control,3.573196271,155
14,Control,3.022788687,155
15,Control,2.733178707,155
17,Control,3.019309584,155
20,Control,3.419710413,155
22,Control,4.13849982,155
24,Control,3.847741398,155
25,Control,3.731242119,155
28,Control,5.227729238,155
29,Control,3.466965412,155
32,Control,5.482717078,155
7,demand,18.89631373,155
8,demand,10.76051612,155
10,demand,7.815911547,155
13,demand,16.26432174,155
16,Tangible,2.645491803,155
18,Tangible,2.585468834,155
19,Tangible,2.555474239,155
21,Tangible,4.918528193,155
23,Tangible,5.291197532,155
26,Tangible,5.951179968,155
27,Attention,9.498142227,155
30,Attention,6.956167808,155
31,Attention,9.23386552,155
1,Special,9.130160786,156
5,Special,7.943449832,156
10,Special,9.98192985,156
4,Tangible,10.08178571,156
8,Tangible,9.024316363,156
11,Tangible,10.04056209,156
2,Control,4.083888668,156
6,Control,1.087795163,156
9,Control,0.941005661,156
3,Attention,5.11169372,156
7,Attention,32.03503311,156
12,Attention,45.05932858,156
3,Control,0,157
7,Control,0,157
11,Control,0,157
4,Demand,1.987072325,157
8,Demand,2.98374108,157
12,Demand,1.987118168,157
1,Attention,12.02458703,157
5,Attention,10.04614844,157
9,Attention,19.01635061,157
2,Tangible,14.96632081,157
6,Tangible,8.941611528,157
10,Tangible,11.90195749,157
1,Demand,0.214262963,158
2,Demand,0.13689642,158
4,Demand,0.181711046,158
6,Demand,0.111479169,158
8,Demand,1.036310358,158
10,Demand,7.19062938,158
12,Demand,0.801312269,158
14,Demand,1.54866862,158
16,Demand,1.478436744,158
3,Control,0.059752835,158
5,Control,0.094311377,158
7,Control,0.222958339,158
9,Control,0.361861384,158
11,Control,0.291629507,158
13,Control,0.231876672,158
15,Control,0.664861766,158
17,Control,0.301439674,158
1,Control,0.001116099,159
4,Control,0.001902087,159
5,Control,0.001814957,159
7,Control,0.100453804,159
10,Control,0.002423054,159
12,Control,0.00121049,159
15,Control,9.51E-04,159
17,Control,0,159
18,Control,0,159
21,Control,0,159
23,Control,0,159
24,Control,0,159
27,Control,0,159
28,Control,0,159
2,Demand,0.10088401,159
3,Demand,0.001987402,159
6,Demand,0.001731457,159
8,Demand,0.701551751,159
9,Demand,0.100279543,159
11,Demand,0.501591167,159
13,Demand,0.302757832,159
14,Demand,0.099847522,159
16,Demand,0.402349668,159
19,Demand,0,159
20,Demand,0.099326555,159
22,Demand,3.39E-04,159
25,Demand,7.60E-05,159
26,Demand,-0.001049454,159
29,Demand,0.300325442,159
30,Demand,0.400091539,159
1,Automatic,0,160
6,Automatic,0,160
11,Automatic,0,160
2,Attention,0,160
7,Attention,0,160
12,Attention,0,160
3,Tangible,0,160
8,Tangible,0,160
13,Tangible,0,160
5,Demand,0,160
10,Demand,0,160
15,Demand,0,160
4,Control,0,160
9,Control,0,160
14,Control,0,160
1,Automatic,0,161
6,Automatic,0,161
11,Automatic,0,161
2,Attention,0,161
7,Attention,0,161
12,Attention,0,161
3,Tangible,0,161
8,Tangible,0,161
13,Tangible,0,161
5,Demand,0,161
10,Demand,0,161
15,Demand,0,161
4,Control,0,161
9,Control,0,161
14,Control,0,161
1,Automatic,0,162
6,Automatic,0,162
11,Automatic,0,162
2,Attention,0,162
7,Attention,0,162
12,Attention,0,162
3,Tangible,0,162
8,Tangible,0,162
13,Tangible,0,162
5,Demand,0,162
10,Demand,0,162
15,Demand,0,162
4,Control,0,162
9,Control,0,162
14,Control,0,162
